{
  "instances": [
    {
      "id": "0",
      "tau1": 2.959060025,
      "tau2": 3.079885204,
      "tau3": 8.381025392,
      "tau4": 9.780754432,
      "p1": 3.763084772,
      "p2": -0.782603631,
      "p3": -1.25739483,
      "p4": -1.723086311,
      "g1": 0.650456461,
      "g2": 0.859578106,
      "g3": 0.887444921,
      "g4": 0.958033988
    }
  ]
}