{
  "instances": [
    {
      "id": "0",
      "GLCM_Pan": 120.362774,
      "Mean_G": 205.5,
      "Mean_R": 119.395349,
      "Mean_NIR": 416.581395,
      "SD_Plan": 20.676318
    }
  ]
}