{
  "instances": [
    {
      "id": "0",
      "f0": 0.23001961,
      "f1": 5.0725783,
      "f2": -0.27606055,
      "f3": 0.83244412,
      "f4": -0.37786573,
      "f5": 0.4803223
    }
  ]
}