{
  "instances": [
    {
      "id": "0",
      "Study": 1.0,
      "Run": 1.0,
      "vconst_corr": 0.859036206437223,
      "vconst_2": 0.927824535760252,
      "vconst_3": 0.252865622367244,
      "vconst_4": 0.298838311199668,
      "vconst_5": 0.170521299895417,
      "vconst_7": 0.735936040913738,
      "ah_corr": 0.42832542788108,
      "ah_bolus": 0.567946941770303,
      "slm_corr": 0.474369599993548,
      "efficiency_factor": 0.245674854711009,
      "tidal_mix_max": 0.104225865297485,
      "vertical_decay_scale": 0.869090702981016,
      "convect_corr": 0.997518495631973,
      "bckgrnd_vdc1": 0.448620077452829,
      "bckgrnd_vdc_ban": 0.307521787118943,
      "bckgrnd_vdc_eq": 0.858310365213806,
      "bckgrnd_vdc_psim": 0.796997239630825,
      "Prandtl": 0.869893038135746
    }
  ]
}